SubjectID,emocond,primereg,libcon,partyid,avail,open,avail_total,open_total,avail_sum,open_sum,DefBud,MilInt,TerPol,MilExp,Abort,AffAct,CamSlo,EcPhil,EdComm,EdPol,Educ,EnPol,Family,HlthPo,JobPrf,JobsPo,Libcon,MomAne,Party,PolExp,Relig,StafDe,Welfar,WrkExp,Endor,Pict,Poll,RMOD,CON,VCON,DMOD,LIB,VLIB,biasprocess,democrat,republican,biasprocess1,non_military,overall_military
13061,"Control",5,3,5,.2,1,148,53,7,3,0,0,0,.2,0,0,0,0,0,0,.2,0,0,0,0,.2,0,0,0,0,0,.2,0,0,0,.2,0,0,.4,.2,0,.4,.2,.8,0,1,.8,.2,.2
13062,"Threat",1,4,1,.6,1,172,79,7.2,3,0,0,0,0,.2,0,0,0,0,0,0,0,0,.2,0,0,0,0,0,0,.2,0,0,0,0,.4,0,0,.4,.2,.2,.2,0,.8,1,0,.8,.4,0
13147,"Fear",1,1,2,.4,1,166,51,10,3,.2,0,0,0,0,0,0,0,0,0,0,0,.2,0,0,0,.2,0,0,0,.2,0,0,0,0,.2,0,0,.2,0,0,.6,0,.8,1,0,.8,0,.2
13148,"Control",1,5,3,.4,1,172,85,7.2,3,0,.2,0,0,.2,0,0,.2,0,0,0,.2,0,0,0,0,0,0,0,0,0,0,0,0,0,.2,.2,.2,.2,0,.2,.2,.2,.6,0,0,.4,.6,.2
13151,"Anger",5,5,4,.2,1,172,75,9,3,0,0,.2,0,0,0,0,0,0,0,0,0,.2,0,0,0,0,0,0,0,.2,.2,0,0,0,.2,.2,.2,.2,.2,.4,0,0,.4,0,1,.4,0,.2
13153,"Control",1,2,0,.6,1,150,68,6.2,3,0,0,0,0,0,0,0,0,0,0,0,0,0,0,0,0,0,0,.2,0,0,0,.2,.2,.2,.2,0,0,0,0,.2,.4,.4,.6,1,0,.6,.2,0
13155,"Fear",1,2,0,.6,1,148,70,5.2,3,0,0,0,.2,0,0,0,0,0,0,.2,0,0,0,0,0,0,0,0,0,.2,0,0,0,.2,.2,0,0,.2,.2,.4,0,0,.6,1,0,.6,0,.2
13187,"Good Times",5,6,5,.2,1,154,46,6.6,3,0,0,0,0,0,0,0,0,.2,0,0,0,0,0,.2,0,.2,0,0,0,0,0,0,.2,0,.2,0,0,.6,.2,.2,0,0,.6,0,1,.6,.4,0
13188,"Control",5,4,3,.8,1,159,67,6.4,3,.2,0,0,0,0,0,.2,0,0,0,.2,0,0,0,0,0,0,0,0,0,.2,0,0,0,0,.2,0,.4,.2,.2,0,.2,.2,.8,0,0,.4,0,.2
13209,"Anger",1,,,.4,1,150,42,7.2,3,0,0,0,0,0,0,0,.2,0,0,0,0,0,.2,0,0,0,0,0,0,0,.2,0,.2,0,.2,0,0,.4,.4,.2,.2,0,.8,,,.6,.4,0
13210,"Anger",5,,,.6,1,162,67,6,3,0,0,0,.2,0,0,.2,.2,0,0,0,0,0,0,0,0,0,0,0,0,0,.2,0,0,0,.2,0,.2,0,0,0,.6,.2,.8,,,.6,.2,.2
13211,"Fear",5,,,.4,1,151,69,5.8,3,0,0,0,0,0,0,0,0,0,.2,0,0,0,.2,0,0,0,0,0,.2,.2,0,0,0,0,.2,.4,0,.4,0,.2,.2,.2,.6,,,.6,.4,0
13364,"Anger",1,2,0,.2,1,150,30,10.2,3,0,.2,0,0,.2,0,0,0,0,0,0,0,0,0,0,0,.2,0,.2,0,0,0,0,0,0,.2,0,.2,.2,.2,.2,.2,0,.6,1,0,.6,.2,.2
13369,"Threat",1,3,1,.4,1,171,58,7,3,0,0,0,0,0,0,.2,0,.2,0,0,0,0,0,0,0,0,0,.2,0,0,0,0,0,0,.4,0,0,0,0,.2,.6,.2,.8,1,0,.8,.2,0
13373,"Threat",1,2,1,.6,1,164,76,6.4,3,0,0,0,.2,0,0,.2,0,0,0,.2,0,0,0,0,0,.2,0,0,0,0,0,0,0,0,.2,0,0,.2,0,0,.6,.2,.8,1,0,.8,0,.2
13375,"Fear",1,2,1,.8,1,145,43,8,3,.2,0,0,0,.2,0,0,0,0,0,.2,0,0,0,0,.2,0,0,0,0,0,0,0,0,0,.2,0,.2,.4,.2,.2,0,0,.6,1,0,.6,.4,.2
13376,"Fear",1,,2,.4,1,143,31,8.6,3,.2,0,0,0,0,0,0,0,0,0,0,.4,0,0,0,0,0,0,0,0,0,0,0,0,.2,.2,.4,0,.2,.2,.2,.2,0,.6,1,0,.6,.4,.2
13393,"Control",5,,3,.4,1,149,64,5.4,3,0,0,0,0,0,0,0,0,0,0,.2,.2,0,0,0,0,0,0,0,0,0,0,0,0,.2,.2,.2,.2,.4,.2,0,0,0,.6,0,0,.4,.2,0
13394,"Threat",5,6,6,.6,1,166,77,6.8,3,0,0,0,0,.4,0,0,0,0,0,0,0,0,0,0,0,0,0,.2,0,.2,0,0,0,0,.2,0,.2,0,0,.2,.4,0,.6,0,1,.6,.4,0
13397,"Threat",1,,,.6,1,172,66,13,3,0,.2,0,0,0,0,0,0,0,0,0,0,0,.2,0,0,0,0,0,0,0,0,.2,0,0,.2,.2,0,0,0,.2,.4,.2,.6,,,.4,.4,.2
13398,"Fear",5,5,5,.4,1,172,97,4.4,3,0,0,0,0,0,0,.2,0,0,.2,0,0,0,0,0,0,0,.2,0,0,0,.2,0,0,0,.2,.2,0,.4,.2,.2,.2,.2,.6,0,1,.6,.2,0
13399,"Anger",1,2,0,.6,1,168,63,8.2,3,0,0,0,0,0,0,0,0,0,0,.2,0,0,0,0,0,0,0,.2,0,0,0,.4,0,0,.2,0,0,.4,.4,.2,.2,.2,.8,1,0,.8,.4,0
13402,"Threat",1,2,0,.4,1,163,68,6.4,3,.2,0,0,0,0,0,0,.2,0,0,.2,0,0,0,0,0,0,0,0,0,0,0,0,.2,0,.2,0,.2,.2,.2,.4,0,0,.6,1,0,.6,.2,.2
13403,"Threat",1,3,1,.4,1,168,64,6.4,3,0,0,0,.2,0,0,0,0,0,0,0,0,0,0,0,0,0,0,0,.4,0,0,0,0,0,.4,.4,.2,.2,.2,0,.4,.2,.6,1,0,.6,0,.2
13436,"Anger",1,3,0,.4,1,172,103,5.6,3,0,0,0,0,.2,0,0,0,.4,0,0,0,0,0,0,0,0,0,.2,0,0,0,0,0,0,.2,0,0,.2,0,0,.6,.4,.8,1,0,.8,.6,0
13438,"Anger",1,2,0,.6,1,174,112,8.4,3,0,0,.4,.2,0,0,0,0,0,0,0,0,0,0,0,0,0,0,0,0,0,0,0,0,0,.2,.4,.2,.2,.2,0,.4,.4,.6,1,0,.6,0,.6
13441,"Good Times",5,6,6,.4,1,143,42,9.6,3,0,0,.2,0,.2,0,.2,0,0,0,0,0,0,0,0,0,0,0,0,0,0,0,.2,0,0,.2,.2,0,.4,.2,.2,.2,0,.6,0,1,.6,.4,.2
13442,"Fear",5,4,4,.6,1,170,55,11,3,0,.2,0,0,0,0,0,0,0,0,.2,.2,0,0,0,0,0,0,0,0,0,0,0,.2,0,.2,.2,.2,.6,.6,0,0,0,.8,0,1,.8,.2,.2
13444,"Anger",1,4,1,.8,1,159,56,9.2,3,0,0,0,0,0,.2,0,.2,0,0,0,0,.2,0,0,0,0,0,0,0,0,0,0,0,.2,.2,0,0,0,0,.2,.4,.2,.6,1,0,.6,.4,0
13446,"Threat",5,5,4,.4,1,161,42,9.4,3,0,.2,0,0,0,0,0,0,0,0,0,0,0,0,.2,0,0,0,0,0,.2,0,0,0,.2,.2,0,0,.4,.2,.2,0,0,.4,0,1,.4,.2,.2
13447,"Good Times",1,4,2,.4,1,172,134,5,3,0,0,0,0,.2,0,0,0,0,0,0,.2,0,0,0,0,0,0,.2,0,.2,0,0,0,0,.2,.2,.2,.2,0,.2,.2,.2,.6,1,0,.6,.4,0
13448,"Threat",5,5,3,.4,1,172,87,6.4,3,0,.2,0,0,.2,0,0,0,0,.2,0,0,0,0,0,0,0,0,0,0,.2,0,0,0,0,.2,.2,0,.4,.2,.2,.2,.2,.6,0,0,.6,.4,.2
13450,"Anger",1,2,1,.2,1,172,68,12,3,0,0,.2,0,0,0,.2,.2,0,0,0,.2,0,0,0,0,0,0,0,0,0,0,0,0,0,.2,.4,0,.2,0,.6,0,0,.8,1,0,.8,.4,.2
13452,"Good Times",1,1,2,.4,1,147,83,6.4,3,0,0,.2,0,0,0,.2,0,0,0,0,0,0,0,.2,0,0,0,0,.2,0,0,0,0,0,.2,.4,0,0,0,.2,.6,.4,.8,1,0,.8,.2,.2
13453,"Fear",1,2,0,.4,1,157,62,10.4,3,0,0,.4,0,0,0,0,0,0,.2,0,0,0,0,0,0,0,0,0,.2,0,0,0,0,0,.2,.8,.2,.4,.2,.2,0,0,.6,1,0,.6,.2,.4
13454,"Good Times",1,3,3,.2,1,170,90,6,3,0,0,0,0,0,0,0,0,0,0,0,0,0,0,0,0,0,0,0,.2,0,0,.2,.2,.2,.2,.2,.2,.4,.2,0,0,0,.4,0,0,.4,.2,0
13456,"Control",1,2,0,1,1,172,66,11,3,0,0,.4,0,0,.2,0,0,0,0,0,0,0,0,0,0,0,0,0,0,0,0,0,0,0,.2,.6,.2,.2,0,0,.2,.2,.4,1,0,.4,.2,.4
13457,"Fear",1,2,0,.4,1,157,69,8.4,3,0,0,0,0,0,0,0,.2,0,0,.2,0,0,0,0,0,0,0,0,.2,0,0,.2,0,0,.2,.2,0,.4,.2,.2,.2,0,.8,1,0,.8,.4,0
13471,"Anger",5,6,3,.2,1,153,91,6.2,3,.2,0,.2,0,0,0,0,0,0,0,0,0,0,0,0,0,0,0,0,0,0,0,0,0,.2,.4,.2,0,.4,.2,0,.2,.2,.6,0,0,.6,0,.4
13472,"Fear",5,5,4,.4,1,174,85,10.8,3,.2,0,.2,0,0,0,0,0,0,0,0,0,0,.2,.2,0,0,0,0,0,0,0,0,0,0,.2,.2,.4,.2,.2,.2,0,0,.6,0,1,.6,.4,.4
13473,"Anger",1,2,1,.2,1,164,68,5.8,3,0,.2,0,0,0,0,0,0,0,0,0,0,0,0,0,0,0,.2,0,0,.2,0,0,0,0,.4,0,0,.2,.2,0,.6,.2,.8,1,0,.8,0,.2
13474,"Good Times",5,7,6,.4,1,159,69,9,3,.2,0,0,0,0,0,0,0,0,0,0,0,0,0,0,0,0,.2,0,0,.2,0,0,0,0,.4,0,0,.4,.4,0,.4,0,.8,0,1,.8,0,.2
13475,"Fear",1,6,3,.4,1,172,92,7.8,3,0,0,0,0,0,0,0,0,0,0,0,0,0,0,0,0,0,0,.2,.4,0,0,.2,0,0,.2,.4,.2,0,0,0,.6,.4,.6,0,0,.6,.2,0
13476,"Threat",5,6,4,.2,1,148,43,8.4,3,0,0,0,.2,0,0,.2,0,0,0,.2,0,0,0,.2,0,0,0,0,0,0,0,0,0,0,.2,0,.2,0,0,0,.6,.6,.8,0,1,.8,.2,.2
13477,"Anger",1,2,0,.8,1,144,42,7.6,3,0,0,0,0,0,.2,0,0,0,0,0,0,0,0,0,0,0,0,0,.2,.2,0,0,0,.2,.2,.2,0,0,0,.4,.2,0,.6,1,0,.6,.2,0
13478,"Threat",5,6,3,.2,1,159,85,6.2,3,0,0,0,0,0,0,0,0,0,.2,0,0,.2,.2,0,0,0,0,0,0,0,0,.2,0,0,.2,.2,.4,.2,0,0,.2,.2,.8,0,0,.4,.6,0
13479,"Threat",1,2,0,.4,1,150,52,7.6,3,0,.2,0,0,0,.2,0,.2,0,0,0,0,0,0,0,0,0,0,0,0,0,0,0,0,0,.2,0,.2,.2,.2,.4,0,0,.6,1,0,.6,.4,.2
13486,"Good Times",1,5,1,.2,1,172,90,5,3,0,0,0,0,0,0,0,0,0,0,0,0,0,0,0,0,0,0,0,0,0,0,0,.4,.4,.2,0,0,.2,0,.2,0,0,.4,1,0,.4,0,0
13487,"Threat",5,5,4,.4,1,152,64,5,3,0,.2,0,0,0,0,.2,.2,0,0,0,0,0,0,0,0,0,0,0,0,.2,0,0,0,0,.2,0,.2,.2,0,0,.4,.4,.8,0,1,.8,.2,.2
13488,"Threat",5,,5,.4,1,157,67,5,3,0,0,0,0,0,0,0,0,0,0,0,0,.2,.2,.2,0,.2,0,0,0,0,0,0,0,0,.2,0,0,.6,.4,.2,0,0,.6,0,1,.6,.4,0
13489,"Fear",5,,,.4,1,140,36,7.8,3,.2,0,0,0,0,0,.4,.2,0,0,0,0,0,0,0,0,0,0,0,0,0,0,0,0,0,.2,0,0,0,0,.4,.4,.4,.4,,,.4,.2,.2
13491,"Anger",5,5,6,.4,1,149,73,6.4,3,0,0,0,0,0,0,0,0,0,0,0,0,0,0,0,.2,0,0,0,.2,.2,0,0,0,.2,.2,.2,0,.2,0,.4,0,0,.2,0,1,.2,.2,0
13492,"Fear",1,1,0,.4,1,160,83,5.6,3,0,0,0,0,0,0,0,0,0,.2,0,0,0,0,.2,0,0,0,0,0,0,0,0,0,.2,.4,.2,0,.2,0,.2,.2,.2,.6,1,0,.6,.4,0
13561,"Control",1,4,3,.2,1,171,85,8.2,3,0,0,0,0,0,0,0,0,0,0,0,0,0,.2,0,0,0,0,.2,0,0,.2,0,.2,0,.2,0,0,0,0,0,.8,.6,.8,0,0,.8,.2,0
13562,"Threat",1,3,2,.4,1,163,40,12.8,3,0,0,0,0,0,0,0,0,0,0,0,0,0,0,0,.2,0,0,0,0,0,0,.4,0,0,.2,.2,0,0,0,.2,.4,.2,.6,1,0,.6,.6,0
13563,"Good Times",1,6,6,.6,1,151,48,11.6,3,.2,0,0,0,0,0,0,0,.2,0,0,0,.2,0,0,0,0,0,0,0,0,0,0,0,.2,.2,0,0,.2,.2,0,.4,.2,.6,0,1,.6,.2,.2
13567,"Fear",5,6,5,.6,1,167,59,9.8,3,0,0,0,0,0,0,0,.2,0,0,0,.2,0,0,0,.2,0,0,0,0,0,0,0,.2,0,.2,.2,.2,0,0,.4,.2,.2,.4,0,1,.4,.6,0
13586,"Good Times",1,2,0,.2,1,172,147,4.6,3,0,0,0,.2,0,0,0,.2,0,0,0,0,0,0,0,.2,0,0,0,0,0,0,0,.2,0,.2,0,.2,.4,.2,.2,0,0,.6,1,0,.6,.4,.2
13587,"Good Times",1,4,1,.8,1,152,67,8.8,3,0,0,0,0,0,0,.2,0,0,.2,0,0,0,0,0,0,0,.2,0,0,0,.2,0,0,0,.2,.2,.2,.2,0,0,.4,.2,.6,1,0,.6,.2,0
13588,"Anger",5,4,5,.4,1,146,47,8.2,3,0,0,0,0,0,0,0,.2,0,0,0,0,0,0,.2,0,0,0,0,0,0,.2,.2,0,0,.2,0,0,.2,0,.2,.4,.2,.6,0,1,.6,.6,0
13589,"Threat",1,2,1,.6,1,172,118,6.8,3,0,.2,0,0,0,0,0,0,0,.2,0,0,0,0,0,0,0,0,0,0,.2,0,0,0,.2,.2,.2,0,.2,.2,.2,.2,.2,.6,1,0,.6,.2,.2
13590,"Threat",5,6,5,.6,1,172,91,6,3,0,0,0,0,0,0,.4,0,0,0,.2,0,0,.2,0,0,0,0,0,0,0,0,0,0,0,.2,0,0,.4,.2,0,.4,.2,.8,0,1,.8,.2,0
13592,"Fear",1,3,0,1,1,156,40,10,3,0,0,0,0,0,0,.2,0,0,0,0,0,0,0,0,.4,0,0,0,0,0,0,.2,0,0,.2,0,0,0,0,.4,.4,.2,.8,1,0,.8,.6,0
13593,"Good Times",5,4,4,.4,1,158,69,5,3,0,.2,0,0,0,0,.2,0,0,0,0,0,0,.2,0,0,.2,0,0,0,0,0,0,0,0,.2,0,0,.2,0,.2,.4,.4,.6,0,1,.6,.2,.2
13594,"Anger",1,1,3,.6,1,165,72,8.4,3,0,.2,.2,.2,0,0,0,0,0,0,0,0,0,0,0,0,0,0,.2,0,0,0,0,0,0,.2,.2,0,.6,.4,0,.2,.2,.8,0,0,.8,0,.6
13596,"Fear",1,,3,.6,1,147,42,10.6,3,0,.2,.2,0,0,0,0,0,0,0,0,0,0,0,0,.2,0,0,0,0,0,0,.2,0,0,.2,.2,.2,0,0,.2,.4,.2,.6,0,0,.4,.4,.4
13599,"Anger",1,6,4,.8,1,172,81,11,3,0,.2,.2,0,0,0,0,0,0,0,0,0,0,.2,.2,0,0,0,0,0,0,0,0,0,0,.2,.2,.2,.4,.2,0,.2,0,.6,0,1,.8,.4,.4
13667,"Good Times",1,2,2,.4,1,165,61,11.6,3,0,0,.2,0,0,0,0,0,0,0,0,.4,0,0,0,0,.2,0,0,0,0,0,0,0,0,.2,.6,0,0,0,.2,.6,.4,.8,1,0,.8,.4,.2
13668,"Threat",1,3,3,.6,1,157,48,9.4,3,0,0,0,0,0,0,0,0,.2,.2,0,0,0,.2,0,0,0,0,0,0,0,0,0,0,.2,.2,.2,.4,0,0,0,.2,0,.2,0,0,.2,.6,0
13669,"Anger",1,3,0,.4,1,147,55,8.6,3,0,0,.2,0,0,0,0,0,0,0,0,0,0,0,.2,0,.2,0,0,0,0,0,0,0,.2,.2,.2,0,0,0,.2,.4,.2,.6,1,0,.6,.2,.2
13671,"Good Times",1,2,1,.4,1,161,71,6,3,0,0,0,0,.2,.2,0,.2,0,0,0,0,0,0,0,0,0,0,0,0,0,0,.2,0,0,.2,0,.2,.4,.2,.2,0,0,.6,1,0,.6,.8,0
13672,"Threat",5,6,6,.4,1,172,77,7.4,3,0,0,0,.2,0,.2,0,0,0,0,0,0,0,0,0,0,.2,.2,0,0,0,0,0,0,0,.2,0,.4,.4,.2,0,0,0,.8,0,1,.8,.2,.2
13673,"Control",1,2,1,.4,1,172,104,5.8,3,0,0,0,0,0,0,0,.2,.2,0,0,0,0,0,0,0,0,0,0,0,.2,0,.2,0,0,.2,0,0,.2,0,.2,.4,0,.8,1,0,.8,.6,0
13675,"Anger",1,5,2,.4,1,172,107,5.6,3,0,0,0,0,0,0,.2,0,0,0,0,0,.2,0,0,0,0,0,0,0,0,0,0,0,.4,.2,0,0,.2,.2,0,.2,.2,.4,1,0,.4,0,0
13676,"Anger",1,4,1,.2,1,148,44,6.4,3,0,0,0,0,.2,0,.2,0,0,0,0,0,0,.2,0,0,0,0,0,0,.2,0,0,0,0,.2,0,0,.4,.2,.2,.2,.2,.8,1,0,.8,.4,0
13678,"Control",1,3,1,.6,1,172,66,11.6,3,0,0,.2,0,0,0,0,0,0,.2,0,0,0,0,0,0,0,0,0,0,0,0,.2,0,0,.2,.6,0,.2,0,0,.4,.2,.6,1,0,.6,.4,.2
13679,"Anger",1,3,1,.2,1,146,62,5.2,3,0,0,0,0,.2,.2,0,0,0,0,0,.2,0,0,0,0,0,0,0,0,0,0,.2,0,0,.2,.2,.2,.2,.2,0,.4,.2,.6,1,0,.6,.8,0
13681,"Threat",5,,,.4,1,159,64,7.2,3,.2,0,.2,.2,0,0,0,0,0,0,0,0,0,0,0,.2,0,0,0,0,0,0,0,0,0,.2,.2,.4,.4,0,0,0,0,.8,,,.4,.2,.6
13696,"Fear",1,1,2,.6,1,170,49,11.4,3,0,0,0,0,.4,0,0,0,0,0,0,0,.2,0,0,0,0,0,0,0,0,0,0,0,.2,.2,0,.2,.4,.4,0,0,0,.4,1,0,.4,.4,0
13701,"Threat",5,5,4,.4,1,172,70,6.2,3,0,0,0,.2,.2,0,.2,0,0,0,0,0,0,0,0,0,0,0,0,0,0,0,0,.2,0,.2,0,.2,0,0,.2,.4,0,.6,0,1,.6,.2,.2
13702,"Anger",5,4,2,.2,1,142,53,5.2,3,0,0,0,.4,0,0,0,0,0,0,0,.2,0,0,0,0,0,0,0,.2,0,0,0,0,0,.2,.4,.2,.2,.2,.2,.2,0,.6,1,0,.6,.2,.4
13703,"Fear",1,5,4,.8,1,172,92,6,3,0,0,0,0,0,0,0,0,0,0,0,0,0,.2,0,0,0,0,.2,0,0,0,.2,.2,0,.2,0,0,.2,0,.2,.4,0,.8,0,1,.6,.4,0
13704,"Fear",1,3,1,.2,1,154,74,7.2,3,0,.2,0,0,0,0,0,0,0,0,0,0,0,0,.2,0,0,0,0,.2,0,0,0,0,.2,.2,.2,0,.4,0,0,.2,.2,.6,1,0,.6,.2,.2
13705,"Control",5,,3,.6,1,172,79,7.6,3,0,0,0,0,0,0,0,0,0,0,0,0,0,0,.2,0,0,0,0,0,.2,0,0,0,.2,.4,0,0,0,0,0,.6,0,.6,0,0,.6,.2,0
13707,"Control",1,3,1,.6,1,172,55,11.2,3,0,0,.4,0,0,0,0,0,0,0,0,0,0,0,0,0,0,0,0,.2,0,0,0,0,0,.4,.6,.2,.2,.2,.2,.2,0,.6,1,0,.6,0,.4
13708,"Threat",1,2,1,.2,1,172,76,6,3,0,0,.2,0,0,0,0,0,0,0,0,0,.2,0,0,0,.2,0,.2,0,0,0,0,0,0,.2,.2,0,.2,.2,0,.6,.4,.8,1,0,.8,0,.2
13709,"Threat",5,4,5,.4,1,172,65,14.6,3,0,.2,0,0,0,0,0,0,0,0,0,0,0,0,0,0,0,0,0,0,0,0,.2,0,0,.2,.2,.4,.2,.2,0,0,0,.6,0,1,.6,.2,.2
13710,"Anger",5,6,4,.6,1,156,73,7.4,3,0,0,0,0,.4,0,0,0,.2,.2,0,0,0,0,0,0,0,0,0,0,0,0,0,0,0,.2,.2,0,.6,.6,0,.2,0,.8,0,1,.8,.8,0
13711,"Anger",1,2,0,.2,1,172,74,7.2,3,0,0,.2,0,0,0,.2,0,0,0,0,0,0,0,0,0,0,0,0,.2,0,0,0,0,.2,.2,.4,.2,0,0,.4,0,0,.4,1,0,.4,0,.2
13712,"Good Times",5,6,6,.6,1,172,54,13.4,3,0,0,0,0,.2,0,0,0,0,0,0,0,0,0,0,.2,0,0,0,0,0,0,0,0,.2,.2,.2,0,.4,0,0,0,0,.4,0,1,.4,.4,0
13715,"Good Times",5,5,3,.4,1,142,36,6,3,0,0,0,0,.2,0,0,0,.2,0,.2,0,0,0,0,0,0,0,0,0,.2,0,0,0,0,.2,0,0,0,0,.4,.4,.4,.4,0,0,.4,.4,0
13716,"Anger",1,,1,.8,1,158,41,14.2,3,0,0,0,0,0,0,0,0,0,0,0,.4,0,0,0,0,0,0,0,0,0,0,0,0,0,.2,.8,.2,0,0,0,.2,.2,.2,1,0,.2,.4,0
13717,"Fear",1,2,1,.4,1,147,40,7.2,3,.2,0,0,0,.2,0,0,0,0,0,0,0,0,0,0,0,.2,0,0,0,0,0,0,0,.2,.2,0,0,0,0,.6,0,0,.6,1,0,.6,.2,.2
13718,"Threat",1,2,0,.4,1,161,67,5,3,0,.2,.2,0,0,0,0,0,.2,0,0,0,0,0,0,0,0,0,.2,0,0,0,0,0,0,.2,.2,0,.6,.4,0,.2,.2,.8,1,0,.8,.2,.4
13721,"Threat",1,1,2,.8,1,172,79,6,3,0,0,.2,.2,0,0,0,0,0,0,0,0,0,0,0,0,0,0,0,.2,0,0,0,0,.2,.2,.4,0,.4,0,.2,0,0,.6,1,0,.6,0,.4
13728,"Fear",5,4,3,.4,1,148,52,7.6,3,0,0,0,0,0,0,0,.2,0,0,0,0,0,0,0,0,.4,0,0,0,0,0,.2,0,0,.2,0,.2,.2,.2,0,.4,.2,.8,0,0,.6,.4,0
13729,"Threat",1,2,1,.6,1,172,80,7.4,3,0,.2,0,0,0,0,0,.2,0,0,.2,0,0,0,0,0,0,0,0,0,0,0,.2,0,0,.2,0,0,.2,.2,.2,.4,.2,.8,1,0,.8,.4,.2
13730,"Control",5,7,6,.8,1,168,56,8.8,3,0,.2,.2,0,0,0,0,0,0,.2,0,0,0,0,0,0,0,0,0,0,0,0,0,0,.2,.2,.4,.2,.2,0,0,.2,.2,.6,0,1,.6,.2,.4
13731,"Anger",5,5,4,.6,1,153,45,8.6,3,0,0,0,.2,0,.2,0,.2,0,0,0,.2,0,0,0,0,0,0,0,0,0,0,0,0,0,.2,.2,.2,.2,.2,.2,.2,.2,.6,0,1,.6,.6,.2
13734,"Control",1,3,1,.4,1,172,74,9,3,0,0,0,0,0,0,0,0,0,.2,0,0,.2,0,0,0,0,0,0,.2,0,.2,0,0,0,.2,.4,.2,.4,.2,.2,0,0,.6,1,0,.6,.2,0
13735,"Control",1,3,2,.8,1,174,63,11.8,3,0,.2,.4,0,.2,0,0,0,0,0,0,0,0,0,0,0,0,0,0,0,0,0,0,0,0,.2,.4,0,.4,0,.2,.2,.2,.8,1,0,.8,.2,.6
13736,"Good Times",1,3,3,.6,1,157,44,9.4,3,0,0,0,0,0,0,0,0,0,.2,0,0,0,0,0,.2,.2,0,0,0,0,0,0,0,.2,.2,.2,0,0,0,.2,.4,.2,.6,0,0,.4,.4,0
13740,"Control",1,4,3,1,1,168,50,8.4,3,0,0,0,0,0,0,0,0,.4,0,.2,0,0,0,0,0,0,0,0,0,0,0,0,0,0,.2,.2,0,.2,0,0,.4,.2,.6,0,0,.6,.4,0
13741,"Fear",1,3,5,.8,1,140,37,15.8,3,0,0,0,0,0,0,0,0,0,0,0,0,0,0,.2,.2,.2,0,0,0,0,0,0,0,0,.2,.2,0,.2,0,0,.4,.2,.6,0,1,.6,.4,0
13742,"Threat",1,2,0,.4,1,143,42,6.8,3,0,.4,0,0,0,0,0,0,0,0,0,0,0,.2,0,0,.2,0,0,0,0,0,0,0,0,.2,0,.4,.4,0,0,0,0,.4,1,0,.4,.2,.4
13744,"Fear",1,1,2,.6,1,152,37,14.6,3,0,0,0,0,0,0,0,0,0,0,0,0,0,0,0,0,0,0,0,0,0,0,0,0,.4,.2,.4,0,0,0,0,0,0,0,1,0,0,0,0
13745,"Good Times",1,4,2,.8,1,160,27,18.4,3,0,0,0,0,0,0,0,0,0,0,0,0,0,.4,0,0,0,0,0,0,0,0,0,0,0,.2,.4,0,0,0,.2,.2,.2,.4,1,0,.4,.4,0
13746,"Threat",5,7,4,.6,1,166,45,17.4,3,0,0,0,.2,.2,0,0,0,0,0,0,0,0,0,0,0,0,0,0,0,.2,0,0,0,0,.2,.2,0,.4,.2,0,.2,0,.6,0,1,.6,.2,.2
13749,"Threat",5,4,2,.2,1,153,51,7.2,3,0,0,0,0,.2,0,0,0,.2,.2,0,0,.2,0,0,0,0,0,0,0,0,0,0,0,0,.2,.2,0,0,0,.2,.6,.4,.6,1,0,.8,.6,0
13750,"Control",1,2,0,.4,1,172,84,9.6,3,.2,0,0,0,0,0,0,0,0,0,0,0,0,0,.2,0,0,0,0,0,0,0,.2,0,0,.4,0,0,.4,.2,.2,.2,.2,.8,1,0,.8,.4,.2
13751,"Good Times",1,2,0,.8,1,172,56,14.2,3,0,0,0,0,0,0,0,0,0,0,0,0,0,.2,.4,0,0,0,0,0,0,0,0,0,0,.2,.2,0,0,0,.2,.4,.2,.6,1,0,.6,.6,0
13752,"Threat",5,4,5,.4,1,172,121,6.6,3,0,0,0,0,0,0,.2,0,0,0,0,0,0,.4,0,0,0,0,0,0,0,0,0,.2,0,.2,0,.2,.2,.2,.2,.2,.2,.6,0,1,.6,.4,0
13774,"Control",1,1,0,.4,1,170,80,8.4,3,0,0,.2,0,0,0,0,0,0,0,0,0,0,.2,0,0,0,0,0,0,0,0,.2,0,.2,.2,.2,0,0,0,.2,.4,.4,.6,1,0,.6,.4,.2
13803,"Good Times",5,,,.4,1,149,44,18.2,3,0,0,0,0,0,0,0,0,0,0,.2,.2,0,.2,0,0,0,0,0,0,0,0,0,0,0,.2,.4,.2,.4,.4,0,0,0,.6,,,.4,.4,0
13804,"Anger",1,3,2,.4,1,157,46,12.8,3,0,.2,0,0,0,0,0,.2,0,0,0,0,0,0,.2,0,0,0,0,0,0,0,0,0,0,.2,.2,0,0,0,0,.6,.2,.6,1,0,.6,.4,.2
13805,"Fear",1,2,0,.4,1,152,65,8.4,3,0,0,.2,0,.2,.2,0,0,0,0,0,.2,0,0,0,0,0,0,0,0,0,0,0,0,0,.2,.4,.2,.2,0,.4,0,0,.6,1,0,.6,.6,.2
13806,"Threat",1,3,0,.6,1,172,33,15.2,3,0,0,0,0,0,0,0,0,0,0,0,0,.2,0,0,0,0,0,0,0,0,0,0,0,.2,.2,.4,0,0,0,0,.2,0,.2,1,0,.2,0,0
13807,"Threat",1,2,0,.2,1,170,78,6,3,0,0,0,.2,0,0,0,0,0,0,0,0,.2,0,0,0,0,0,0,.2,0,0,0,.2,0,.2,.2,0,0,0,.2,.6,.4,.8,1,0,.8,0,.2
13808,"Threat",1,3,1,.2,1,172,118,5.4,3,.2,0,0,0,0,0,0,0,0,0,.2,0,.2,0,0,0,0,0,0,0,0,0,0,.2,0,.2,0,0,.2,.2,0,.6,0,.8,1,0,.8,0,.2
13809,"Fear",5,6,6,.8,1,172,109,6.2,3,0,0,0,0,0,0,.2,0,0,0,0,0,.2,0,0,0,0,.2,0,0,.2,0,0,0,0,.2,0,.2,.6,.4,0,0,0,.8,0,1,.8,0,0
13810,"Good Times",1,4,1,.4,1,172,94,6.2,3,0,0,.2,0,0,0,0,.2,0,0,0,.2,0,0,0,0,0,0,.2,0,0,0,0,0,0,.2,.4,.2,0,0,.4,.2,0,.6,1,0,.6,.4,.2
13811,"Threat",5,7,6,.4,1,147,74,6,3,0,0,0,0,0,0,0,0,0,0,0,0,0,0,.2,.2,0,0,0,.2,0,0,0,0,0,.4,.2,.2,0,0,.2,.4,.4,.6,0,1,.6,.4,0
13812,"Fear",5,5,4,.2,1,144,54,8,3,0,0,0,0,0,0,0,0,0,0,.2,0,0,0,0,0,0,0,.2,0,.2,0,0,0,0,.4,0,.4,0,0,.2,.2,0,.6,0,1,.6,0,0
13816,"Control",1,2,1,.4,1,164,64,8.4,3,0,0,0,0,.2,0,0,0,0,0,0,.2,0,0,0,.2,0,0,.2,0,0,0,0,0,0,.2,.2,.2,0,0,.4,.2,0,.6,1,0,.6,.6,0
13817,"Good Times",1,2,2,.6,1,172,98,5.8,3,0,0,0,0,.4,0,0,0,.2,0,0,0,0,0,0,0,0,0,0,0,0,0,0,.2,0,.2,0,.2,.2,0,0,.4,0,.6,1,0,.6,.6,0
13827,"Control",1,2,2,.6,1,155,31,10.4,3,0,0,0,0,0,0,0,0,.4,0,.2,0,0,0,0,0,.2,0,0,0,0,0,0,0,0,.2,0,.2,.2,0,.2,.2,0,.6,1,0,.6,.4,0
13828,"Threat",1,1,0,.2,1,161,60,5.2,3,0,0,.2,0,.2,.2,.2,0,0,0,0,0,0,0,0,0,0,0,0,0,0,0,0,0,0,.2,.2,0,.2,.2,0,.6,.4,.8,1,0,.8,.4,.2
13829,"Fear",5,6,5,.6,1,147,40,8.2,3,0,.2,0,.2,0,0,0,0,0,.2,0,0,.2,0,0,0,0,0,0,0,0,0,0,0,0,.2,.2,0,.6,.4,.2,0,0,.6,0,1,.6,.2,.4
13831,"Fear",1,,1,.6,1,171,110,8.4,3,0,0,.2,0,0,0,0,0,0,.2,0,0,0,0,0,.2,0,.2,0,0,0,0,0,0,0,.2,.4,.4,.2,0,0,.2,0,.4,1,0,.4,.4,.2
13832,"Good Times",1,2,1,.4,1,158,66,7.6,3,0,0,0,0,.2,0,0,.2,0,0,0,0,0,.2,0,0,0,0,0,0,0,0,0,.2,0,.2,0,.2,.4,.2,0,.2,0,.6,1,0,.6,.6,0
13880,"Threat",1,2,1,.8,1,149,65,8.4,3,0,0,0,0,.2,0,0,.2,0,.2,0,0,0,0,0,0,0,0,0,0,0,0,0,0,.2,.2,.2,0,0,0,.2,.4,.4,.6,1,0,.6,.6,0
13881,"Control",1,4,2,.4,1,156,59,10.2,3,0,0,0,0,0,0,0,0,0,0,0,0,0,0,0,.2,0,.2,0,0,.2,0,0,0,.2,.2,0,0,.2,0,0,.4,0,.6,1,0,.6,.2,0
13882,"Fear",1,3,1,.2,1,172,82,5.6,3,0,0,0,0,0,0,.2,0,0,0,0,.2,.2,0,0,0,0,0,0,0,0,0,0,0,0,.4,.2,0,.4,.4,0,.4,.2,.8,1,0,.8,.2,0
13883,"Fear",1,3,1,.6,1,171,55,8.4,3,0,0,0,0,.2,0,0,0,.2,0,0,0,0,0,0,0,0,0,0,.2,.2,0,0,0,0,.2,.2,0,0,0,.4,.4,0,.8,1,0,.8,.4,0
13887,"Control",5,5,5,1,1,165,64,8.4,3,.2,0,0,0,0,0,0,0,0,0,0,.2,0,.2,0,0,0,0,0,0,0,0,0,0,.2,.2,.2,.4,.2,0,0,0,0,.6,0,1,.6,.4,.2
13888,"Fear",5,5,4,.4,1,139,64,7.2,3,0,0,0,0,.2,0,0,0,0,0,0,0,0,.4,0,.2,0,0,0,0,0,0,0,0,0,.2,0,0,.2,0,0,.6,.6,.8,0,1,.8,.8,0
13889,"Control",1,,,.6,1,172,78,7.6,3,0,0,0,.2,0,0,0,0,0,0,0,0,0,0,.2,.2,0,0,0,0,0,0,0,0,.2,.2,0,0,0,0,.2,.4,.2,.6,,,.4,.4,.2
13890,"Fear",1,2,2,.6,1,145,43,13,3,0,0,0,0,.2,0,0,0,0,0,0,0,0,0,0,0,0,0,0,0,0,0,.2,0,0,.2,.4,.2,.2,0,0,0,0,.2,1,0,.2,.4,0
13893,"Control",1,6,0,.8,1,149,16,14.4,3,0,0,0,0,0,0,0,.2,0,0,0,0,0,.2,0,0,0,0,0,0,0,0,0,0,0,.2,.4,.2,.2,0,0,0,0,.2,1,0,.2,.4,0
13894,"Fear",1,2,0,.4,1,172,76,8.2,3,0,0,0,0,0,0,0,0,0,0,0,0,0,0,0,.2,.2,0,.2,0,0,0,0,0,.2,.2,0,0,0,0,.2,.4,.2,.6,1,0,.6,.2,0
13896,"Fear",1,3,0,.2,1,172,91,10,3,0,0,0,0,0,0,0,.2,.4,0,0,0,0,0,0,0,0,.2,0,0,0,0,0,0,0,.2,0,0,0,0,.2,.6,0,.8,1,0,.8,.6,0
13898,"Control",5,5,4,.4,1,172,72,12.2,3,0,.2,0,0,0,0,0,0,0,0,.2,0,0,0,0,0,0,0,0,0,0,0,.4,0,0,.2,0,0,.6,.4,.2,0,0,.6,0,1,.6,.4,.2
13900,"Control",1,2,0,.4,1,172,107,7.2,3,0,0,0,0,0,0,0,0,.2,0,0,0,0,0,0,.4,0,0,.2,0,0,0,0,0,0,.2,0,.2,0,0,0,.6,.4,.6,1,0,.6,.6,0
13902,"Threat",1,2,0,.6,1,172,89,9,3,0,.2,0,0,0,0,0,0,0,0,0,0,0,0,.2,0,0,0,0,0,0,0,.2,.2,0,.2,0,0,.2,0,.2,.4,.2,.8,1,0,.8,.4,.2
13904,"Anger",1,5,1,.6,1,162,92,6.4,3,0,.2,0,0,0,0,0,0,0,0,0,0,0,0,0,0,0,0,.2,0,0,.2,0,0,.2,.2,0,0,.2,0,0,.4,0,.6,1,0,.6,0,.2
13905,"Control",1,2,0,.2,1,165,58,6.6,3,0,0,0,0,0,.2,0,0,0,.4,0,0,.2,0,0,0,0,0,0,0,0,0,0,0,0,.2,.4,.4,.2,.2,0,.2,0,.4,1,0,.4,.6,0
14071,"Threat",1,4,0,.4,1,156,38,10,3,0,0,0,0,0,0,0,0,.2,.2,0,0,.2,0,0,0,0,.2,0,0,0,0,0,0,0,.2,.2,.4,.2,0,0,.2,0,.4,1,0,.4,.4,0
14074,"Threat",1,4,1,.6,1,161,45,9.2,3,0,0,0,0,0,0,0,.2,0,0,0,0,.4,0,0,0,0,0,0,0,0,0,0,0,.2,.2,0,0,0,0,.2,.4,0,.6,1,0,.6,.2,0
14075,"Good Times",5,6,5,.2,1,146,49,11,3,.2,0,0,0,0,.2,0,0,0,0,0,.2,0,0,0,0,0,0,0,0,0,.2,0,0,0,.2,.2,0,0,0,.2,.6,0,.6,0,1,.6,.4,.2
14086,"Control",5,5,4,.4,1,160,67,6.2,3,0,0,0,0,.2,0,0,.2,0,0,0,0,0,0,0,0,0,0,0,0,.2,.2,0,0,0,.2,0,.2,.4,.2,.2,0,0,.6,0,1,.6,.4,0
14099,"Threat",5,,4,.8,1,145,29,14.6,3,.2,0,0,0,0,0,0,0,0,0,0,0,0,0,0,0,0,0,0,0,0,0,0,0,0,.4,.4,0,.4,.4,0,0,0,.4,0,1,.4,0,.2
14101,"Anger",5,4,5,.8,1,153,28,8.8,3,0,.2,0,0,0,0,0,0,0,0,0,0,0,0,.2,0,0,0,.2,0,0,.2,0,0,0,.2,0,.2,.4,.2,0,.2,.2,.8,0,1,.8,.2,.2
14102,"Control",1,,,1,1,148,42,16.2,3,0,0,0,0,0,0,0,0,0,0,0,0,0,0,0,.2,0,0,0,0,0,0,0,0,.2,.2,.4,0,0,0,0,.2,.2,.2,,,.2,.2,0
14103,"Anger",1,,1,1,1,147,13,14.6,3,0,0,0,0,0,0,0,0,.2,0,0,0,0,0,0,0,0,0,0,0,0,0,0,0,.2,.2,.4,0,.2,0,0,0,0,.2,1,0,.2,.2,0
14104,"Control",1,4,,.4,1,144,53,6.4,3,0,0,0,0,.2,0,0,0,0,.2,.2,0,0,0,0,.2,0,0,0,0,0,0,0,0,0,.2,.2,0,.4,0,.2,.2,0,.8,,,.6,.6,0
14105,"Control",1,5,1,.6,1,150,51,9.8,3,0,0,0,0,0,0,0,0,0,.2,.2,0,0,0,0,0,.2,0,0,0,0,0,0,0,0,.4,.2,0,.2,0,.4,.2,0,.8,1,0,.8,.2,0
14106,"Control",1,3,1,.6,1,158,44,7.4,3,0,0,0,0,0,0,0,0,0,0,0,0,0,0,0,.2,0,.2,0,.2,0,0,0,.2,0,.2,.2,.2,.2,0,0,.4,.2,.6,1,0,.6,.2,0
14107,"Good Times",1,7,0,.4,1,149,34,10.8,3,0,0,0,0,0,0,0,.2,.2,0,0,.2,0,0,0,0,0,0,0,0,0,0,0,0,.2,.2,.2,0,.4,0,0,.2,.2,.6,1,0,.6,.6,0
14109,"Threat",1,2,0,.6,1,169,55,7.6,3,0,.2,0,0,0,0,0,0,0,0,0,0,0,0,0,.4,.2,0,0,0,0,0,0,0,0,.2,0,.2,0,0,0,.6,.2,.6,1,0,.6,.4,.2
14110,"Fear",5,6,5,.4,1,158,34,10.8,3,0,0,0,0,0,0,0,0,0,0,0,.2,0,0,0,0,0,0,0,0,.2,0,.2,0,0,.2,.4,0,.2,.2,0,.4,.2,.6,0,1,.6,.4,0
14111,"Threat",5,,4,.8,1,150,26,11.4,3,0,0,0,.2,0,0,0,0,0,.2,0,.2,0,0,0,0,0,0,0,0,0,0,0,0,0,.2,.6,.2,.2,0,.2,0,0,.4,0,1,.4,.4,.2
14113,"Good Times",1,4,1,.8,1,144,20,18.6,3,0,0,0,0,0,0,0,0,0,0,0,0,0,0,.2,0,0,0,0,0,0,0,.2,0,0,.2,.4,0,.2,0,.2,0,0,.4,1,0,.4,.4,0
14117,"Good Times",5,4,5,.4,1,146,35,8.2,3,.2,0,0,0,0,0,0,.2,0,.2,0,0,0,0,0,0,.2,0,0,0,0,0,0,0,0,.2,.2,.4,0,0,.4,0,0,.4,0,1,.4,.4,.2
14121,"Control",1,3,2,.6,1,149,50,22.4,3,.2,0,0,0,0,0,0,0,0,0,0,0,0,0,0,0,.2,0,0,0,0,0,0,0,0,.2,.4,0,.2,0,.2,0,0,.4,1,0,.4,0,.2
14123,"Threat",5,5,5,.2,1,157,31,8.8,3,0,0,0,0,0,0,0,0,.2,0,0,0,0,.2,0,.2,.2,0,0,0,0,0,0,0,0,.2,0,.2,.4,.4,.2,0,0,.6,0,1,.6,.6,0
14124,"Control",5,4,6,.8,1,140,34,15.2,3,0,.2,0,0,0,0,0,0,0,0,0,0,0,0,0,0,0,0,0,0,.2,0,0,0,0,.2,.2,0,.6,.6,0,0,0,.6,0,1,.6,0,.2
14221,"Anger",1,4,3,.4,1,172,84,5.8,3,0,.2,0,0,0,0,.2,0,0,0,0,.2,0,0,0,0,.2,0,0,0,0,0,0,0,0,.2,.2,.2,.2,0,.2,.2,0,.6,0,0,.4,.2,.2
14224,"Control",1,4,2,.6,1,172,103,7,3,.2,0,0,0,0,0,0,0,0,0,0,0,0,0,0,.2,0,.4,0,0,0,0,0,0,0,.2,0,.2,0,0,0,.6,.4,.6,1,0,.6,.2,.2
14225,"Threat",1,4,1,.4,1,172,91,6.2,3,0,0,0,0,0,.2,.2,0,0,0,0,0,0,.2,0,0,0,0,0,0,0,0,0,0,.2,.2,0,.2,.2,0,0,.2,.2,.4,1,0,.4,.4,0
14287,"Anger",1,4,1,.6,1,171,44,8.6,3,0,0,.2,0,0,0,0,0,0,0,0,0,0,0,0,.2,.2,0,0,0,0,0,0,.2,0,.2,.2,0,.4,.2,0,.4,.2,.8,1,0,.8,.2,.2
14288,"Good Times",1,,2,.6,1,172,83,11.6,3,0,.2,0,0,0,0,0,0,0,0,0,.2,0,0,0,.2,0,0,0,0,0,0,0,0,0,.2,.4,0,.2,0,.2,.2,.2,.6,1,0,.6,.4,.2
14291,"Threat",1,2,0,.4,1,172,89,13,3,.2,0,0,0,0,0,0,0,.2,.2,0,.2,0,0,0,0,0,0,0,0,0,0,0,0,0,.2,.4,0,0,0,0,.8,.8,.8,1,0,.8,.6,.2
14292,"Anger",1,2,0,.8,1,172,105,6.6,3,0,0,0,.2,0,0,0,0,0,0,0,0,0,0,0,0,0,.2,0,0,0,.2,0,0,.2,.2,0,0,.2,0,0,.4,.2,.6,1,0,.6,0,.2
14293,"Fear",1,2,0,.4,1,172,80,9.6,3,.2,0,0,0,0,0,.2,.2,0,0,0,0,0,0,0,0,0,0,0,0,0,.2,0,0,0,.2,0,.2,0,0,.2,.4,.2,.6,1,0,.6,.2,.2
14294,"Anger",1,4,2,.6,1,146,47,6.6,3,0,0,.2,0,.2,0,0,0,0,0,0,0,0,0,0,0,0,0,0,0,0,0,0,0,.2,.4,.2,0,.4,0,.2,0,0,.6,1,0,.6,.2,.2
14295,"Fear",1,2,0,.4,1,155,54,7.8,3,0,.2,.2,0,0,0,0,0,0,0,0,0,0,0,0,0,0,0,0,0,0,0,0,.2,.2,.2,.2,0,0,0,.2,.4,.2,.6,1,0,.6,0,.4
14296,"Fear",1,,2,.6,1,146,29,13.2,3,0,0,0,0,0,.2,0,0,0,0,0,0,0,0,0,0,0,0,0,.2,0,0,0,0,0,.2,.6,0,.2,.2,0,.2,0,.4,1,0,.4,.2,0
14364,"Anger",1,2,0,.4,1,150,36,13.4,3,0,0,0,0,0,0,0,0,0,.2,0,0,0,0,0,0,0,0,0,0,0,0,.2,0,.2,.2,.4,0,0,0,.2,.2,.2,.4,1,0,.4,.4,0
14370,"Good Times",1,4,1,.6,1,162,97,6.2,3,0,0,0,0,0,0,.2,.2,0,0,0,0,0,0,0,0,0,0,0,0,0,.2,0,0,.2,.2,0,0,0,0,0,.6,.2,.6,1,0,.6,.2,0
14379,"Fear",1,2,1,.2,1,153,59,8,3,0,0,0,0,0,.2,0,0,0,0,0,0,0,0,0,0,.2,0,0,0,.2,0,0,0,.2,.2,0,.2,0,0,0,.4,.4,.4,1,0,.4,.2,0
14385,"Good Times",1,2,1,.2,1,172,65,7.8,3,0,0,.2,0,0,0,0,.4,0,0,0,0,0,0,0,0,0,0,0,0,.2,0,0,0,0,.2,.2,0,.4,.4,.2,.2,.2,.8,1,0,.8,.4,.2
14388,"Threat",1,4,2,.2,1,154,39,6.6,3,0,0,0,0,0,0,0,0,0,0,0,0,0,.2,0,0,.2,0,0,.2,0,0,0,.2,0,.2,.2,.2,.4,.4,.2,0,0,.6,1,0,.6,.2,0
14729,"Threat",5,4,6,.8,1,157,26,16.4,3,0,0,.2,0,0,0,0,0,0,0,0,.2,0,0,0,0,0,0,0,0,0,0,0,0,0,.2,.8,.2,.2,0,0,0,0,.4,0,1,.4,.2,.2
14731,"Threat",5,6,6,.4,1,166,94,6.2,3,0,0,0,0,.2,0,0,0,.2,0,0,0,0,0,0,0,0,0,0,0,0,.2,0,.2,0,.2,0,0,.6,.4,0,.2,.2,.8,0,1,.8,.4,0
14732,"Control",1,2,0,.2,1,150,57,7.6,3,0,0,0,.2,0,0,0,0,.2,0,0,0,0,0,0,.2,0,.2,0,0,0,0,0,0,0,.2,0,0,0,0,.2,.6,.4,.8,1,0,.8,.4,.2
14733,"Good Times",1,1,2,.4,1,164,83,7.8,3,0,0,.2,0,.2,.2,0,0,0,0,0,0,0,0,0,0,0,0,0,0,0,0,0,.2,0,.2,.2,.2,.2,.2,0,.4,.2,.6,1,0,.6,.4,.2
14735,"Threat",5,4,5,.4,1,147,50,4.8,3,0,0,0,0,0,0,0,0,.2,0,0,0,0,0,0,0,0,0,0,0,.2,0,0,0,.4,.2,0,0,0,0,0,.4,.4,.4,0,1,.4,.2,0
14736,"Threat",1,2,2,.8,1,158,77,7.4,3,0,0,0,.2,0,0,0,0,0,0,0,0,0,0,0,0,0,0,0,.2,.2,0,0,0,0,.2,.2,.2,.4,.2,0,.2,.2,.6,1,0,.6,0,.2
14737,"Control",1,3,0,.2,1,145,55,9.6,3,0,0,.4,0,0,0,0,0,0,.2,0,0,0,0,0,0,0,0,0,0,0,0,.2,0,0,.2,.6,.2,.2,0,0,.4,0,.6,1,0,.6,.4,.4
14738,"Good Times",1,2,0,.2,1,152,58,10.4,3,0,0,0,.2,.2,0,.2,0,0,0,0,0,0,0,0,0,0,0,0,0,0,0,0,.2,0,.2,0,.2,0,0,.2,.4,.2,.6,1,0,.6,.2,.2
14870,"Control",1,2,2,.4,1,144,65,8.4,3,0,0,0,0,0,0,0,0,.2,0,0,.2,0,.2,0,0,.2,0,0,0,0,0,0,0,0,.2,.2,0,.2,.2,0,.6,.4,.8,1,0,.8,.6,0
14871,"Good Times",1,2,2,.2,1,145,51,6.2,3,0,0,0,0,0,0,0,0,0,0,0,0,0,0,.2,0,0,0,0,0,.2,0,0,.2,.2,.2,0,0,.4,.2,0,.2,.2,.6,1,0,.6,.2,0
14872,"Anger",1,1,1,.2,1,172,75,10,3,0,0,0,0,.2,.2,0,0,0,0,0,0,0,0,0,.2,0,0,0,0,0,0,0,.2,0,.2,0,0,0,0,.4,.4,0,.8,1,0,.8,.6,0
14873,"Control",1,3,1,.4,1,153,58,5.6,3,.2,0,0,0,0,0,0,0,0,0,0,0,0,0,0,0,.2,.2,0,0,0,0,0,0,0,.4,0,0,.2,0,.4,.2,0,.8,1,0,.8,0,.2
14874,"Fear",1,4,1,.4,1,156,74,6,3,0,0,0,0,.2,0,0,0,0,0,0,.2,0,0,0,0,0,0,0,0,.2,0,0,0,.2,.2,.2,0,.2,0,.2,.2,0,.6,1,0,.6,.4,0
14875,"Threat",5,3,3,.2,1,139,27,9.6,3,.2,0,0,0,.2,.2,0,0,.2,0,0,0,0,0,0,0,0,0,0,0,0,0,0,0,0,.2,0,0,.6,.2,0,.2,.2,.8,0,0,.8,.6,.2
14876,"Threat",1,4,1,.2,1,172,63,6.2,3,0,0,0,0,0,0,0,0,0,0,0,.2,0,0,.2,.2,0,0,0,.2,0,0,0,0,0,.2,.4,0,.2,0,.2,.4,0,.8,1,0,.8,.6,0
14877,"Control",1,,,.2,1,149,59,7,3,0,0,0,0,0,0,0,0,0,0,0,0,0,0,0,0,0,0,0,.2,0,0,0,.4,.2,.2,.2,0,0,0,.2,.4,.2,.6,,,.4,0,0
14890,"Fear",1,2,0,.4,1,154,57,9.6,3,0,0,0,0,0,0,0,.2,0,0,0,0,0,.2,.2,0,0,0,0,.2,0,0,0,0,0,.2,.2,0,0,0,.2,.6,.2,.8,1,0,.8,.6,0
14942,"Threat",5,6,5,.6,1,164,32,31.6,3,0,0,0,0,0,0,0,0,0,0,.2,0,0,0,0,0,0,0,0,.2,0,0,0,0,0,.2,.6,0,.2,.2,0,.2,.2,.4,0,1,.4,0,0
14945,"Good Times",1,5,3,.8,1,172,54,14.2,3,0,0,0,0,0,0,0,.2,0,0,0,0,0,0,0,0,0,0,0,0,0,0,0,.2,0,.4,.2,0,0,0,.2,.4,.2,.6,0,0,.4,.2,0
14946,"Good Times",1,4,3,.6,1,172,51,16.6,3,0,0,0,0,0,0,0,0,0,0,0,0,0,.2,0,0,0,0,0,0,0,0,0,0,.2,.2,.4,0,0,0,0,.2,.2,.2,0,0,.2,.2,0
14953,"Anger",1,4,1,.4,1,159,41,13.4,3,0,.2,0,0,0,0,.2,0,0,0,0,0,0,0,0,0,0,.2,0,0,0,0,0,0,0,.2,.2,0,0,0,.2,.4,0,.6,1,0,.6,0,.2
14957,"Threat",1,4,3,.2,1,153,93,6,3,0,0,0,0,0,0,0,0,0,.2,0,.2,0,0,0,0,0,0,0,0,0,.2,.2,0,0,.2,.4,.2,.4,.4,.2,0,0,.6,0,0,.4,.6,0
14958,"Control",5,5,,.4,1,166,83,6.8,3,.2,0,0,0,0,0,0,.2,0,0,0,0,0,0,0,0,0,0,0,.4,0,0,0,0,0,.2,.4,.2,.2,.2,.4,0,0,.4,,,.2,.2,.2
14959,"Good Times",5,6,4,.2,1,152,54,8.6,3,0,0,0,0,0,.2,0,0,0,0,0,0,0,0,.2,0,0,0,0,0,0,.2,.2,0,0,.2,0,0,.4,.4,.2,.2,0,.6,0,1,.6,.6,0
14963,"Fear",1,2,0,.4,1,161,67,7.2,3,0,0,0,0,.2,0,0,0,0,0,0,0,0,0,.2,0,.2,0,0,0,.2,0,0,0,0,.2,0,0,0,0,.4,.4,.2,.8,1,0,.8,.4,0
14966,"Threat",5,6,6,.4,1,172,83,6.4,3,0,0,0,0,0,0,.2,0,0,0,.2,0,0,0,.2,0,0,0,0,0,0,0,.2,0,0,.2,0,0,.4,.2,.2,.2,.2,.6,0,1,.6,.4,0
14968,"Good Times",5,6,6,.6,1,157,50,9,3,0,0,0,0,0,0,.2,0,0,0,.2,.2,0,0,0,0,0,0,0,.2,0,0,0,0,0,.2,.4,0,.8,.6,0,0,0,.8,0,1,.8,.2,0
14969,"Fear",5,5,4,.6,1,174,80,8,3,0,0,0,0,0,0,0,.2,.4,0,0,0,0,0,0,0,0,0,0,0,0,0,0,.2,0,.2,0,0,.4,.4,0,.4,.2,.8,0,1,.8,.6,0
14973,"Threat",1,2,1,.4,1,167,49,11,3,0,0,0,0,.2,0,0,0,0,0,0,0,0,0,0,0,0,0,.2,.2,0,0,.2,0,0,.2,.2,.2,.2,.2,.2,.2,0,.6,1,0,.6,.4,0
14974,"Anger",1,3,2,.2,1,172,107,7.8,3,0,.4,0,0,0,.2,0,0,0,0,0,0,0,0,0,.2,0,0,0,0,0,0,0,0,0,.2,0,.2,.2,.2,0,.4,.2,.6,1,0,.6,.4,.4
14975,"Anger",1,2,1,.6,1,169,70,7.2,3,0,.2,0,0,.2,0,0,0,0,0,0,0,0,.2,0,0,0,0,0,0,0,0,0,.2,0,.2,0,.2,0,0,0,.6,.4,.6,1,0,.6,.4,.2
14976,"Fear",1,4,3,.4,1,172,65,8.8,3,0,.4,0,0,0,0,0,0,0,0,0,.2,0,0,0,0,0,0,0,0,0,0,0,0,.2,.2,.2,0,.6,.2,0,0,0,.6,0,0,.6,.2,.4
14978,"Anger",5,5,4,.4,1,167,79,5.4,3,0,0,.2,0,.2,0,0,0,0,0,0,0,0,0,0,0,0,0,0,0,.2,0,0,.2,0,.2,.2,0,.2,.2,.2,.4,.2,.6,0,1,.6,.2,.2
14982,"Threat",1,1,0,.2,1,146,58,6.6,3,0,0,.2,0,0,0,0,0,0,0,0,0,0,.2,.2,0,0,0,0,0,0,.2,0,0,0,.2,.2,0,.2,0,.2,.4,.2,.8,1,0,.8,.4,.2
14985,"Control",1,2,1,.6,1,159,71,5.2,3,0,0,0,0,0,0,.2,0,0,0,.2,.2,0,0,0,0,0,0,0,0,0,0,.2,0,0,.2,.2,0,.6,.2,0,.2,.2,.8,1,0,.8,.4,0
14986,"Anger",1,3,2,.4,1,151,74,5.8,3,0,0,0,0,0,0,0,0,0,0,.2,0,0,.2,0,0,.4,0,0,0,0,0,0,0,0,.2,0,0,.2,0,0,.6,.4,.8,1,0,.8,.2,0
14988,"Anger",1,4,0,.8,1,173,62,16,3,0,.2,0,0,0,0,0,0,0,0,0,0,0,.2,0,0,0,0,0,0,0,0,.2,0,0,.2,.2,0,0,0,.4,.2,0,.6,1,0,.6,.4,.2
14989,"Good Times",1,2,0,.8,1,157,71,6.6,3,0,.2,0,0,0,0,0,0,0,.4,0,0,0,0,0,0,0,0,.2,0,0,0,0,0,0,.2,.4,0,.2,0,.2,.4,.2,.8,1,0,.8,.4,.2
14990,"Good Times",5,5,5,.8,1,172,42,15.4,3,0,0,0,0,0,0,0,.2,0,.2,0,0,0,0,0,0,0,0,0,0,0,0,0,0,0,.2,.6,0,0,0,0,.4,.2,.4,0,1,.4,.4,0
14991,"Fear",5,4,4,.6,1,173,84,4.6,3,0,0,0,0,0,0,0,0,0,0,.2,0,0,0,0,0,0,0,.2,0,.2,0,0,0,0,.4,0,0,.4,0,.2,.2,.2,.6,0,1,.6,0,0
14992,"Anger",1,4,1,.4,1,157,96,4.6,3,0,0,0,0,0,0,0,.4,0,0,0,0,0,0,0,0,0,0,0,0,.2,.2,0,0,0,.2,0,.2,.4,.2,0,.2,0,.6,1,0,.6,.4,0
14998,"Anger",5,5,5,.4,1,165,100,5.8,3,0,0,0,0,0,0,0,0,0,0,0,0,0,0,0,.2,0,0,.2,.2,.2,0,0,0,0,.2,.2,.2,.2,.2,.2,.2,.2,.6,0,1,.6,.2,0
14999,"Threat",5,4,5,.4,1,170,79,6.4,3,0,0,0,0,0,0,0,0,0,0,0,0,.2,0,.2,0,0,0,0,0,.2,0,0,0,.2,.2,0,0,.2,0,.2,.2,.2,.4,0,1,.4,.2,0
15000,"Threat",1,,0,.6,1,172,52,8.6,3,0,0,0,0,.2,0,.2,0,0,0,.4,0,0,0,0,0,0,0,0,0,0,0,0,0,0,.2,0,0,.4,.4,.2,.2,0,.8,1,0,.8,.2,0
15001,"Control",5,4,3,.6,1,149,84,5.4,3,0,0,.2,0,0,0,0,.2,.2,0,0,0,0,0,0,0,0,0,0,0,0,0,0,.2,0,.2,.2,.2,.4,.2,.2,0,0,.6,0,0,.4,.4,.2
15002,"Fear",1,3,0,.8,1,172,93,7.6,3,0,.2,.2,0,0,0,0,0,0,0,0,0,0,0,0,0,0,0,0,0,0,.2,.2,0,0,.2,.2,.2,.2,0,.2,.2,0,.6,1,0,.6,.2,.4
15003,"Threat",1,5,1,.6,1,155,39,9,3,0,0,0,0,.2,0,0,0,0,0,.2,0,0,.2,0,0,0,0,0,0,0,0,.2,0,0,.2,0,.2,.2,0,0,.4,.2,.6,1,0,.6,.6,0
15005,"Fear",1,1,0,.2,1,163,71,6.8,3,0,0,0,0,0,0,0,.2,0,0,0,.4,0,0,0,0,0,0,0,.2,0,0,0,0,0,.2,.6,.2,.2,.2,.2,.2,.2,.6,1,0,.6,.6,0
15008,"Anger",1,2,0,.8,1,153,66,7.6,3,0,0,0,0,0,.2,0,.4,.2,0,0,0,0,0,0,0,0,0,0,0,0,0,0,0,0,.2,0,.2,.2,0,0,.4,.2,.6,1,0,.6,.8,0
15009,"Good Times",1,4,1,.4,1,148,78,9,3,0,0,0,0,0,0,0,0,0,.2,0,0,0,0,0,0,0,.2,0,0,0,0,.2,0,.2,.2,.2,0,.2,0,0,.4,.2,.6,1,0,.6,.4,0
15011,"Control",5,6,5,.6,1,164,66,5.4,3,0,0,0,0,0,0,0,0,0,0,.4,0,0,0,0,0,.2,0,0,0,.2,0,0,0,0,.2,0,.2,.4,.4,0,.2,0,.8,0,1,.8,0,0
15012,"Fear",5,4,3,.4,1,172,94,8,3,0,0,0,0,0,0,0,0,.2,0,0,0,0,0,.2,0,0,0,0,0,0,.2,0,0,.2,.2,0,0,.2,.2,0,.4,.2,.6,0,0,.6,.4,0
15015,"Control",1,2,1,1,1,160,59,8,3,0,.2,0,0,0,0,0,0,0,0,.2,.2,0,0,0,0,0,0,0,0,.2,0,0,0,0,.2,.2,0,.6,.2,0,.2,0,.8,1,0,.8,.2,.2
15019,"Fear",1,,1,.2,1,153,68,6.8,3,0,0,0,0,0,0,0,0,0,.2,0,0,0,0,0,0,0,0,.2,0,0,.2,0,0,.2,.2,.2,0,.2,.2,.2,.2,.2,.6,1,0,.6,.2,0
15020,"Fear",1,4,0,.6,1,144,23,21.4,3,0,0,0,0,0,0,.2,0,0,0,0,0,0,0,0,0,0,0,0,0,0,0,0,0,.2,.2,.4,0,0,0,.2,0,0,.2,1,0,.2,0,0
15021,"Good Times",1,4,1,.8,1,143,26,13.2,3,0,0,0,0,.2,0,0,0,.2,0,0,0,0,0,0,0,0,0,0,0,0,.2,0,0,0,.2,.2,0,.2,.2,0,.4,0,.6,1,0,.6,.4,0
15022,"Good Times",5,6,6,.4,1,170,80,8,3,0,0,0,0,0,0,0,0,.2,0,0,0,0,.2,0,0,0,0,0,.2,0,.2,0,0,0,.2,.2,0,.6,.4,.2,0,0,.6,0,1,.6,.4,0
15023,"Good Times",5,5,5,.4,1,163,66,9.2,3,.2,0,0,0,0,.2,0,0,0,0,0,.2,0,0,0,0,0,0,0,0,0,0,.2,0,0,.2,.2,0,.6,.4,0,.2,0,.8,0,1,.8,.6,.2
15024,"Threat",5,6,6,.4,1,148,50,5.4,3,0,0,0,0,0,0,0,0,.2,0,.2,0,.2,0,0,0,0,0,0,0,0,0,0,0,.2,.2,0,.2,.2,0,.2,0,0,.4,0,1,.4,.2,0
15025,"Good Times",5,5,5,.4,1,162,69,6.4,3,0,0,0,.2,0,0,0,0,0,0,0,0,0,0,0,0,0,0,0,0,0,.4,.2,0,0,.2,0,.2,.4,.4,0,.2,0,.8,0,1,.8,.2,.2
15026,"Threat",1,2,2,.4,1,172,102,5.4,3,0,0,.4,0,0,.2,0,0,0,0,0,0,.2,0,0,0,0,0,0,0,0,0,0,0,0,.2,.4,.2,.2,0,.2,.2,0,.6,1,0,.6,.2,.4
15027,"Control",5,4,3,.4,1,167,58,11,3,0,0,0,0,0,.2,0,0,0,0,0,.2,0,.2,0,0,0,0,0,0,0,0,0,0,0,.2,.4,0,.2,.2,.2,.2,0,.4,0,0,.4,.6,0
15036,"Threat",5,6,3,.4,1,152,57,14,3,0,.2,0,0,.2,0,0,0,0,0,0,0,0,0,0,0,0,0,0,.2,0,0,0,0,0,.2,.4,0,0,0,0,.6,.2,.6,0,0,.6,.2,.2
15037,"Good Times",1,,,.2,1,140,50,9.2,3,0,0,.2,0,0,0,0,0,0,0,0,0,.2,0,0,0,0,0,0,0,0,0,.2,0,.2,.2,.2,.4,0,0,0,.2,0,.2,,,.2,.2,.2
15038,"Threat",1,2,0,.4,1,172,110,5,3,.2,0,0,0,0,0,.2,0,0,0,0,0,0,0,0,0,0,0,0,0,0,0,0,0,.4,.2,0,0,.2,0,0,.2,0,.4,1,0,.4,0,.2
15039,"Threat",5,4,,.6,1,174,77,8,3,0,0,0,.2,0,0,0,0,0,0,0,0,0,0,0,.2,0,0,0,0,.2,0,.2,0,0,.2,0,.2,.2,0,0,.4,.2,.8,,,.6,.4,.2
15040,"Threat",5,5,5,.2,1,172,95,5.6,3,0,.2,0,0,0,0,0,0,0,0,0,0,0,0,0,0,0,0,0,0,.2,0,.2,.2,0,.2,0,0,.2,.2,0,.6,.6,.8,0,1,.8,.2,.2
15046,"Fear",5,6,5,.4,1,157,62,9,3,.2,0,.2,0,0,0,0,0,0,0,0,.2,0,.2,0,0,0,0,0,0,0,0,0,0,0,.2,.4,0,.2,.2,.4,.2,0,.4,0,1,.4,.4,.4
15047,"Fear",5,6,6,.6,1,172,79,7,3,0,0,.2,0,0,0,.2,0,0,0,0,0,0,0,0,.2,0,.2,0,0,0,0,0,0,0,.2,.2,.2,.4,.2,0,.2,.2,.8,0,1,.8,.2,.2
15048,"Anger",1,4,0,.6,1,172,40,15,3,0,.2,0,0,0,0,0,0,0,0,0,0,0,0,0,0,0,0,0,0,0,0,0,0,.2,.2,.4,0,0,0,0,.2,0,.2,1,0,.2,0,.2
15049,"Fear",5,4,,.6,1,172,53,10,3,0,0,0,0,0,0,.2,0,0,0,0,.2,0,0,0,0,0,0,0,0,0,0,.2,0,.2,.2,.2,.2,0,0,.2,.2,.2,.4,,,.2,.4,0
15050,"Anger",1,4,0,.2,1,172,76,7.8,3,0,0,0,.2,.2,0,0,.2,0,0,0,0,0,0,.2,0,0,0,0,0,0,0,0,0,0,.2,0,.2,.4,0,.2,0,0,.6,1,0,.6,.6,.2
15051,"Good Times",1,4,2,.4,1,172,96,9.2,3,0,0,0,0,0,.2,.2,0,0,0,0,.2,0,0,0,0,0,0,0,0,0,.2,0,0,0,.2,.2,0,0,0,.2,.6,.4,.8,1,0,.8,.4,0
15054,"Anger",1,4,0,.4,1,166,63,9.2,3,0,.2,0,0,0,0,0,0,0,0,0,0,0,.2,0,.2,0,0,0,0,0,0,0,0,0,.2,0,0,.4,.4,0,.4,0,.8,1,0,.8,.4,.2
15056,"Control",1,3,1,.4,1,161,50,9.8,3,0,0,0,.2,0,0,0,.2,0,0,0,0,0,0,0,0,0,0,0,0,0,0,.2,0,0,.2,.2,.4,0,0,0,.2,.2,.2,1,0,.2,.4,.2
15057,"Control",5,5,5,.2,1,172,101,6.2,3,0,0,0,0,.2,0,0,.2,.2,0,0,0,0,.2,0,0,0,0,0,0,0,0,0,0,0,.2,0,.2,.2,.2,.2,.2,.2,.6,0,1,.6,.8,0
15058,"Good Times",1,3,2,.2,1,172,87,9,3,0,0,.2,0,0,0,0,0,0,.2,0,0,0,.2,.2,0,0,0,0,0,0,0,0,0,0,.2,.4,.2,.2,.2,0,.4,.2,.6,1,0,.6,.6,.2
15059,"Anger",1,5,1,.2,1,172,76,8.4,3,0,.2,.2,0,.2,0,0,0,0,0,0,0,0,0,0,0,0,0,0,0,0,0,0,0,0,.4,.2,0,.2,0,0,.6,.2,.8,1,0,.8,.2,.4
15060,"Good Times",5,7,3,.6,1,156,73,6.4,3,0,0,0,.2,.2,0,0,0,0,0,0,0,0,0,0,.2,0,0,0,0,0,.2,0,0,0,.2,0,.2,.2,0,.2,.2,.2,.6,0,0,.4,.4,.2
15063,"Control",1,2,0,.4,1,155,74,5,3,0,0,0,.4,0,0,0,0,0,0,.2,0,0,0,0,0,0,0,0,0,0,0,0,.2,0,.2,0,.4,.2,.2,0,.2,0,.4,1,0,.4,0,.4
15064,"Fear",1,2,0,.8,1,167,47,7.6,3,.2,0,0,0,0,0,0,.2,0,0,0,0,0,0,0,0,0,0,0,0,0,.2,0,.2,0,.2,0,.2,.2,.2,.2,.2,.2,.6,1,0,.6,.2,.2
15065,"Good Times",1,,,.4,1,183,73,12,3,0,0,0,0,.2,0,0,.2,0,0,0,0,0,0,0,0,0,0,0,0,0,0,.2,0,0,.2,.2,0,.4,0,0,.2,0,.6,,,.6,.6,0
15066,"Control",1,3,1,.4,1,155,62,11.2,3,0,0,0,0,0,.2,.2,0,0,.2,0,0,0,0,0,0,0,0,0,0,0,.2,0,0,0,.2,.2,0,.2,0,.6,0,0,.8,1,0,.8,.4,0
15067,"Fear",1,2,0,.2,1,172,74,8.2,3,0,0,0,0,0,0,0,0,0,0,0,0,0,.4,0,0,0,0,0,0,0,0,0,0,.4,.2,0,0,.2,.2,0,.2,.2,.4,1,0,.4,.4,0
15069,"Good Times",1,2,1,.6,1,154,67,6,3,0,0,0,0,0,0,0,0,0,0,0,0,0,0,.2,0,.2,0,.2,0,0,.2,0,0,0,.2,0,.2,.4,.4,0,.2,0,.6,1,0,.6,.2,0
15070,"Good Times",1,1,0,.4,1,168,93,7,3,0,0,0,0,0,0,0,0,0,0,0,0,0,0,0,0,0,0,0,0,0,.2,.2,.2,.2,.2,0,0,.2,0,.2,.2,.2,.6,1,0,.6,.2,0
15075,"Threat",1,2,2,.2,1,172,97,6.8,3,0,0,0,0,.2,.2,0,0,0,0,0,0,0,.4,0,0,0,0,0,0,0,0,0,0,0,.2,0,0,.2,0,0,.6,0,.8,1,0,.8,.8,0
15076,"Anger",1,2,0,.6,1,151,44,7,3,0,0,0,.2,0,0,.2,0,0,0,.2,0,0,0,0,0,0,0,0,0,0,0,0,0,.2,.2,0,0,0,0,0,.6,.2,.6,1,0,.6,0,.2
15078,"Anger",5,5,5,.4,1,153,44,6.6,3,0,0,.2,0,0,0,0,0,0,0,.2,0,0,0,.2,0,0,0,0,0,0,0,.2,0,0,.2,.2,.6,0,0,.2,0,0,.6,0,1,.6,.4,.2
15079,"Good Times",5,6,5,.6,1,152,69,9.4,3,0,0,0,.2,0,0,0,0,0,0,0,.2,0,0,0,0,0,.2,.2,0,0,0,0,0,0,.2,.2,.2,.2,0,.2,.2,.2,.6,0,1,.6,.2,.2
15080,"Threat",1,2,2,.4,1,154,68,6.8,3,0,0,0,0,0,0,.2,0,0,0,0,0,0,0,.2,0,0,0,0,0,0,.2,0,0,.2,.2,0,0,.4,.2,.2,0,0,.6,1,0,.6,.2,0
15081,"Threat",1,4,0,.4,1,145,14,12.2,3,0,0,0,0,0,0,0,0,0,.2,0,0,0,0,0,0,.2,0,0,.2,0,0,0,0,0,.2,.6,0,0,0,.2,.4,0,.6,1,0,.6,.2,0
15085,"Anger",5,5,6,.2,1,169,104,5.8,3,0,0,0,0,0,0,0,0,.2,0,0,0,0,0,0,0,0,0,.2,0,0,.4,0,0,0,.2,0,.2,0,0,.2,.4,.2,.6,0,1,.6,.2,0
15086,"Good Times",1,4,1,.2,1,159,68,7.6,3,0,0,0,0,0,0,0,0,0,0,.2,0,.2,0,0,0,.2,0,0,.2,0,0,0,0,0,.2,.2,0,.2,0,.4,.2,.2,.8,1,0,.8,0,0
15087,"Fear",1,3,2,.2,1,172,77,8.8,3,0,0,0,0,0,.2,0,0,.2,0,0,0,0,0,0,0,0,0,0,0,0,0,.2,0,.2,.2,0,0,0,0,0,.6,.2,.6,1,0,.6,.6,0
15088,"Anger",1,4,1,.8,1,151,47,7,3,0,.2,0,0,.2,0,0,0,0,0,0,0,0,.2,0,0,0,0,0,0,.2,0,0,0,0,.2,0,0,0,0,0,.8,.4,.8,1,0,.8,.4,.2
15089,"Good Times",1,,0,.6,1,170,41,11.4,3,0,0,0,0,0,.2,0,0,0,0,0,0,.2,0,0,0,0,0,.2,0,0,0,0,0,.2,.2,0,0,.2,0,0,.4,.4,.6,1,0,.6,.2,0
15090,"Anger",1,2,2,.6,1,172,88,6.2,3,0,0,0,0,0,0,.2,0,0,0,.2,0,0,0,0,0,0,0,0,0,.2,0,0,0,.2,.2,0,0,0,0,.2,.4,.2,.6,1,0,.6,0,0
15144,"Threat",1,4,2,.6,1,154,55,8.8,3,0,0,0,0,0,0,0,0,0,0,0,.4,0,0,0,0,0,0,0,0,0,0,.2,0,.2,.2,.4,.2,0,0,.4,0,0,.4,1,0,.4,.6,0
15145,"Anger",5,6,6,.6,1,172,84,13.2,3,0,0,.2,0,0,.2,0,0,0,0,0,0,0,0,0,0,0,.2,0,0,0,0,0,0,0,.2,.4,.2,0,0,.2,.2,.2,.4,0,1,.4,.2,.2
15146,"Fear",1,2,0,.2,1,171,70,7.8,3,0,0,0,0,0,0,0,0,0,0,0,.2,0,0,.2,0,0,0,0,0,0,0,.4,0,0,.2,.2,.2,.4,.2,0,.2,0,.6,1,0,.6,.8,0
15147,"Control",1,2,0,.6,1,156,71,7.2,3,0,0,0,0,0,0,0,0,0,0,0,0,.2,.2,0,0,0,0,.2,0,0,.2,0,0,0,.2,0,0,0,0,0,.8,.4,.8,1,0,.8,.2,0
15148,"Threat",5,5,5,.6,1,147,44,13.6,3,0,0,0,0,0,0,0,.2,0,0,0,0,0,0,0,0,0,0,0,0,0,0,0,.4,0,.2,.2,.2,.2,.2,.2,0,0,.4,0,1,.4,.2,0
15149,"Fear",1,3,2,.2,1,148,70,7.2,3,0,0,0,0,0,0,0,0,.2,0,.2,0,0,.2,0,.2,0,0,0,0,0,0,0,0,0,.2,0,0,.2,0,0,.6,.4,.8,1,0,.8,.6,0
15150,"Control",5,5,4,.6,1,144,85,6.2,3,0,0,0,0,0,0,0,0,0,0,0,0,0,0,.2,.2,0,0,0,0,0,0,0,.2,.2,.2,0,0,0,0,0,.6,.2,.6,0,1,.6,.4,0
15151,"Anger",1,4,1,.4,1,167,82,7.4,3,0,0,0,0,0,0,0,0,0,0,.2,0,0,0,.2,0,0,0,0,0,0,.2,0,0,.2,.2,0,0,.2,.2,0,.4,.2,.6,1,0,.6,.2,0
15153,"Threat",1,2,0,.6,1,160,76,8.2,3,0,.2,0,0,0,0,0,0,0,.2,0,0,0,.2,0,0,0,0,0,0,0,.2,0,0,0,.2,.2,0,.4,.4,.2,.2,0,.8,1,0,.8,.4,.2
15156,"Fear",1,2,,.4,1,149,59,7.6,3,.2,0,0,0,0,.2,0,0,.2,0,0,0,0,0,0,.2,0,0,0,0,0,0,0,0,0,.2,0,0,0,0,0,.8,.6,.8,,,.8,.6,.2
15157,"Control",1,1,0,.4,1,160,75,6.8,3,0,.2,.2,0,0,0,0,0,0,.2,0,0,0,0,0,0,0,0,0,0,0,0,0,0,.2,.2,.4,.2,.2,0,0,.2,0,.4,1,0,.4,.2,.4
15158,"Fear",5,6,6,.6,1,174,90,7.8,3,0,.2,0,0,0,0,.2,0,0,0,0,.2,0,0,0,0,0,0,.2,0,0,0,0,0,0,.2,.2,.2,.4,0,0,.2,0,.8,0,1,.8,.2,.2
15159,"Good Times",5,7,4,.2,1,158,56,10.4,3,0,0,0,0,0,.2,0,0,0,0,0,0,0,0,0,0,0,0,0,.2,0,.2,.2,0,0,.2,.2,.2,0,0,.2,.4,.2,.6,0,1,.6,.4,0
15168,"Anger",1,3,2,.6,1,174,80,8,3,0,0,.2,0,0,0,0,0,.2,0,.2,0,0,0,0,0,0,0,0,.2,0,0,0,0,0,.2,.4,0,0,0,.4,.4,.2,.8,1,0,.8,.2,.2
15169,"Anger",1,1,0,.6,1,170,65,9.4,3,0,.4,0,0,0,0,0,0,0,0,0,0,.2,0,0,0,0,0,0,0,0,0,0,0,0,.4,0,0,.2,.2,.2,.4,.2,.8,1,0,.8,0,.4
15170,"Anger",1,5,3,.6,1,172,94,7.4,3,0,0,0,0,.4,.2,0,0,0,0,0,0,0,0,0,0,0,0,0,0,.2,0,0,0,0,.2,0,0,.2,0,.2,.4,0,.8,0,0,.6,.6,0
15171,"Threat",1,,,.6,1,143,25,13.6,3,.2,0,0,0,0,0,0,0,0,0,0,.2,0,0,0,0,0,0,0,0,0,0,0,.2,0,.2,.4,0,0,0,0,.6,.2,.6,,,.6,.2,.2
15172,"Anger",5,6,6,.4,1,145,50,9,3,.2,0,.2,0,.2,0,0,0,0,0,0,0,0,0,0,0,0,0,0,0,0,0,0,0,.2,.2,.2,.4,0,0,0,.2,0,.6,0,1,.6,.2,.4
15173,"Fear",1,3,2,.6,1,172,72,9.4,3,0,0,0,0,0,0,0,.2,0,0,0,.2,0,.2,0,0,0,0,0,0,0,0,0,0,.2,.2,.2,0,0,0,.2,.4,.2,.6,1,0,.6,.6,0
15174,"Good Times",5,4,5,.2,1,149,33,6.2,3,0,0,0,0,0,.2,0,0,0,0,0,0,0,0,0,0,.2,0,.2,0,0,0,0,.2,0,.2,0,.2,.2,.2,0,.4,0,.8,0,1,.8,.2,0
15175,"Control",1,4,5,.4,1,145,47,8,3,0,0,0,0,.2,0,0,.2,0,0,0,0,0,0,0,.2,0,0,0,0,0,.2,0,0,0,.2,0,.2,.2,.2,.2,.2,.2,.6,0,1,.6,.6,0
15176,"Anger",1,3,1,.2,1,151,89,5.4,3,0,0,0,0,0,0,0,0,0,0,0,0,0,0,0,0,0,0,0,0,0,0,.2,0,.4,.2,0,0,.4,.2,0,0,0,.4,1,0,.4,.2,0
15595,"Anger",1,,,.6,1,161,52,8.4,3,.2,0,0,0,0,.2,0,0,0,0,.2,.2,0,0,0,0,0,0,0,0,0,0,0,0,0,.2,.2,0,0,0,.2,.6,.4,.8,,,.6,.4,.2
